{
  "timestamp": "2025-06-17T19:35:02.288212",
  "total_images": 14,
  "color_distribution": {
    "pink": 7,
    "purple": 4,
    "blue": 3
  },
  "average_data_points": 461.7142857142857
}